program_id,year,count
P01,2019,95
P01,2020,123
P01,2021,133
P01,2022,123
P01,2023,177
P01,2024,183
P01,2025,200
P02,2019,65
P02,2020,69
P02,2021,90
P02,2022,93
P02,2023,116
P02,2024,122
P02,2025,118
P03,2019,51
P03,2020,57
P03,2021,69
P03,2022,74
P03,2023,76
P03,2024,93
P03,2025,83
P04,2019,90
P04,2020,127
P04,2021,140
P04,2022,154
P04,2023,156
P04,2024,181
P04,2025,194
P05,2019,66
P05,2020,90
P05,2021,91
P05,2022,113
P05,2023,128
P05,2024,141
P05,2025,125
P06,2019,96
P06,2020,120
P06,2021,111
P06,2022,128
P06,2023,162
P06,2024,187
P06,2025,178
P07,2019,119
P07,2020,150
P07,2021,164
P07,2022,166
P07,2023,201
P07,2024,173
P07,2025,194
P08,2019,102
P08,2020,130
P08,2021,146
P08,2022,127
P08,2023,147
P08,2024,164
P08,2025,179
P09,2019,82
P09,2020,114
P09,2021,128
P09,2022,126
P09,2023,133
P09,2024,155
P09,2025,184
P10,2019,92
P10,2020,104
P10,2021,141
P10,2022,147
P10,2023,180
P10,2024,191
P10,2025,187
P11,2019,56
P11,2020,62
P11,2021,57
P11,2022,83
P11,2023,89
P11,2024,81
P11,2025,104
P12,2019,57
P12,2020,74
P12,2021,90
P12,2022,97
P12,2023,114
P12,2024,101
P12,2025,132
