program_id,cohort_year,years_after,n_total,n_employed,n_in_field
P01,2021,1,22,18,11
P01,2021,2,22,19,10
P01,2021,3,22,20,15
P01,2022,1,116,70,31
P01,2022,2,116,76,54
P01,2022,3,116,82,67
P01,2023,1,53,36,18
P01,2023,2,53,38,24
P01,2023,3,53,41,27
P02,2021,1,74,58,34
P02,2021,2,74,62,41
P02,2021,3,74,65,50
P02,2022,1,98,59,31
P02,2022,2,98,64,36
P02,2022,3,98,69,50
P02,2023,1,46,37,17
P02,2023,2,46,39,20
P02,2023,3,46,42,28
P03,2021,1,50,41,25
P03,2021,2,50,43,25
P03,2021,3,50,46,41
P03,2022,1,115,91,56
P03,2022,2,115,97,61
P03,2022,3,115,102,70
P03,2023,1,23,18,10
P03,2023,2,23,20,11
P03,2023,3,23,21,14
P04,2021,1,23,16,9
P04,2021,2,23,17,13
P04,2021,3,23,18,14
P04,2022,1,71,47,23
P04,2022,2,71,50,33
P04,2022,3,71,54,39
P04,2023,1,64,38,25
P04,2023,2,64,41,32
P04,2023,3,64,45,28
P05,2021,1,38,27,13
P05,2021,2,38,29,21
P05,2021,3,38,31,25
P05,2022,1,108,74,32
P05,2022,2,108,80,58
P05,2022,3,108,85,58
P05,2023,1,15,9,4
P05,2023,2,15,10,7
P05,2023,3,15,11,7
P06,2021,1,112,78,38
P06,2021,2,112,83,54
P06,2021,3,112,89,71
P06,2022,1,47,31,21
P06,2022,2,47,33,17
P06,2022,3,47,36,27
P06,2023,1,115,87,37
P06,2023,2,115,92,50
P06,2023,3,115,98,71
P07,2021,1,48,30,20
P07,2021,2,48,32,18
P07,2021,3,48,35,24
P07,2022,1,47,30,13
P07,2022,2,47,32,16
P07,2022,3,47,34,21
P07,2023,1,35,21,12
P07,2023,2,35,23,16
P07,2023,3,35,24,17
P08,2021,1,68,55,29
P08,2021,2,68,58,36
P08,2021,3,68,62,49
P08,2022,1,41,26,14
P08,2022,2,41,28,17
P08,2022,3,41,30,20
P08,2023,1,42,29,14
P08,2023,2,42,31,18
P08,2023,3,42,33,23
P09,2021,1,24,17,7
P09,2021,2,24,19,13
P09,2021,3,24,20,13
P09,2022,1,41,30,17
P09,2022,2,41,32,20
P09,2022,3,41,34,26
P09,2023,1,91,72,39
P09,2023,2,91,77,52
P09,2023,3,91,81,72
P10,2021,1,90,75,32
P10,2021,2,90,79,60
P10,2021,3,90,84,66
P10,2022,1,27,20,12
P10,2022,2,27,21,10
P10,2022,3,27,22,16
P10,2023,1,27,21,10
P10,2023,2,27,23,14
P10,2023,3,27,24,17
P11,2021,1,110,66,27
P11,2021,2,110,71,48
P11,2021,3,110,77,64
P11,2022,1,18,11,7
P11,2022,2,18,12,6
P11,2022,3,18,13,11
P11,2023,1,116,91,56
P11,2023,2,116,97,73
P11,2023,3,116,103,63
P12,2021,1,117,83,53
P12,2021,2,117,89,61
P12,2021,3,117,95,73
P12,2022,1,61,51,25
P12,2022,2,61,54,36
P12,2022,3,61,57,46
P12,2023,1,30,22,15
P12,2023,2,30,24,13
P12,2023,3,30,25,19
