program_id,program_name,university,level,field,tuition_per_term,tuition_total
P01,วท.บ. ปัญญาประดิษฐ์ – มหาวิทยาลัยตัวอย่าง B,มหาวิทยาลัยตัวอย่าง B,Bachelor,AI,19000,152000
P02,วท.ม. ปัญญาประดิษฐ์ – มหาวิทยาลัยตัวอย่าง C,มหาวิทยาลัยตัวอย่าง C,Master,AI,68000,272000
P03,วศ.บ. วิศวกรรมปัญญาประดิษฐ์ – มหาวิทยาลัยตัวอย่าง D,มหาวิทยาลัยตัวอย่าง D,Bachelor,AI,56000,448000
P04,วท.บ. ปัญญาประดิษฐ์และข้อมูล – มหาวิทยาลัยตัวอย่าง E,มหาวิทยาลัยตัวอย่าง E,Bachelor,AI,19000,152000
P05,วท.บ. วิทยาการข้อมูล – มหาวิทยาลัยตัวอย่าง F,มหาวิทยาลัยตัวอย่าง F,Bachelor,DS,28000,224000
P06,วท.บ. วิทยาการข้อมูลและการวิเคราะห์ – มหาวิทยาลัยตัวอย่าง A,มหาวิทยาลัยตัวอย่าง A,Bachelor,DS,57000,456000
P07,วท.ม. วิทยาการข้อมูล – มหาวิทยาลัยตัวอย่าง B,มหาวิทยาลัยตัวอย่าง B,Master,DS,25000,100000
P08,วท.บ. วิทยาการข้อมูลธุรกิจ – มหาวิทยาลัยตัวอย่าง C,มหาวิทยาลัยตัวอย่าง C,Bachelor,DS,22000,176000
P09,วท.บ. การวิเคราะห์ข้อมูล – มหาวิทยาลัยตัวอย่าง D,มหาวิทยาลัยตัวอย่าง D,Bachelor,DS,23000,184000
P10,วท.บ. สถิติ – มหาวิทยาลัยตัวอย่าง E,มหาวิทยาลัยตัวอย่าง E,Bachelor,STAT,49000,392000
P11,วท.ม. สถิติประยุกต์ – มหาวิทยาลัยตัวอย่าง F,มหาวิทยาลัยตัวอย่าง F,Master,STAT,25000,100000
P12,วท.บ. สถิติและวิทยาการข้อมูล – มหาวิทยาลัยตัวอย่าง A,มหาวิทยาลัยตัวอย่าง A,Bachelor,STAT,56000,448000
