program_id,years_after,n_employed,median_earnings
102094-27.0503-Bachelor,1,16,32181
102094-27.0503-Bachelor,4,27,62719
102094-27.0503-Bachelor,5,16,51684
104151-27.0501-Bachelor,1,19,49427
110422-27.0501-Bachelor,3,20,78961
110422-27.0501-Bachelor,4,34,101353
110422-27.0501-Bachelor,5,21,97279
110565-27.0501-Master,1,21,87137
110574-27.0501-Master,1,27,64229
110574-27.0501-Master,3,17,97059
110574-27.0501-Master,4,24,142606
110574-27.0501-Master,5,18,123982
110635-27.0501-Bachelor,1,74,83227
110635-27.0501-Bachelor,3,56,84255
110635-27.0501-Bachelor,4,72,133986
110635-27.0501-Bachelor,5,55,145658
110644-27.0501-Bachelor,1,101,49264
110644-27.0501-Bachelor,3,60,65326
110644-27.0501-Bachelor,4,108,88033
110644-27.0501-Bachelor,5,63,107082
110662-27.0501-Bachelor,1,96,59718
110662-27.0501-Bachelor,3,35,64486
110662-27.0501-Bachelor,4,79,109017
110662-27.0501-Bachelor,5,42,94154
110671-27.0501-Bachelor,1,36,29138
110671-27.0501-Bachelor,4,43,78492
110680-27.0599-Bachelor,1,25,36676
110680-27.0599-Bachelor,4,29,96746
110705-27.0501-Bachelor,1,88,55110
110705-27.0501-Bachelor,3,38,66826
110705-27.0501-Bachelor,4,99,90778
110705-27.0501-Bachelor,5,39,110783
122409-27.0501-Bachelor,1,23,57734
122409-27.0501-Bachelor,4,30,83076
122409-27.0501-Master,1,18,88511
126818-27.0599-Master,1,23,88707
129020-27.0501-Bachelor,1,52,55279
129020-27.0501-Bachelor,3,37,57930
129020-27.0501-Bachelor,4,51,76556
129020-27.0501-Bachelor,5,38,76845
131469-27.0501-Bachelor,4,19,100578
131496-27.0503-Master,1,23,112394
131496-27.0503-Master,3,19,102592
131496-27.0503-Master,4,30,143619
132903-27.0501-Bachelor,1,27,58920
132903-27.0501-Bachelor,4,18,76372
134097-27.0501-Bachelor,1,48,47347
134097-27.0501-Bachelor,3,29,58288
134097-27.0501-Bachelor,4,54,77605
134097-27.0501-Bachelor,5,43,82522
134130-27.0501-Bachelor,1,30,59619
134130-27.0501-Bachelor,3,32,65096
134130-27.0501-Bachelor,4,32,98409
134130-27.0501-Bachelor,5,36,92382
137351-27.0501-Bachelor,1,37,41285
137351-27.0501-Bachelor,4,27,74071
137351-27.0501-Bachelor,5,16,70904
139658-27.0501-Bachelor,1,30,60714
139658-27.0501-Bachelor,4,18,93446
139959-27.0501-Bachelor,1,24,53743
139959-27.0501-Bachelor,4,17,83092
139959-27.0501-Bachelor,5,20,83951
144050-27.0501-Bachelor,1,25,82681
144050-27.0501-Bachelor,4,19,130189
144050-27.0501-Bachelor,5,20,147558
144050-27.0501-Master,1,64,115925
144050-27.0501-Master,3,37,131549
144050-27.0501-Master,4,55,161842
144050-27.0501-Master,5,42,171616
144740-27.0501-Master,1,17,87313
145600-27.0501-Bachelor,1,29,38296
145600-27.0501-Bachelor,4,22,68585
145637-27.0501-Bachelor,1,138,68636
145637-27.0501-Bachelor,3,52,65851
145637-27.0501-Bachelor,4,108,105978
145637-27.0501-Bachelor,5,59,104911
146719-27.0501-Master,1,16,74337
146719-27.0501-Master,4,19,111280
147767-27.0501-Bachelor,1,33,77917
147767-27.0501-Bachelor,4,24,122682
153603-27.0501-Bachelor,1,23,53132
153603-27.0501-Bachelor,4,19,72581
153603-27.0501-Master,4,16,130131
153658-27.0501-Bachelor,1,31,75095
153658-27.0501-Bachelor,4,16,123676
154095-27.0599-Bachelor,3,18,54238
155317-27.0501-Master,1,18,88964
166027-27.0501-Bachelor,1,23,141116
166027-27.0501-Bachelor,3,17,240408
166027-27.0501-Bachelor,4,17,230876
166027-27.0501-Bachelor,5,17,229811
167835-27.0599-Bachelor,1,26,69250
169248-27.0501-Bachelor,3,18,65842
169248-27.0501-Bachelor,4,16,81853
169248-27.0501-Bachelor,5,21,82502
170082-27.0501-Bachelor,1,39,43668
170082-27.0501-Bachelor,3,33,54723
170082-27.0501-Bachelor,4,43,74229
170082-27.0501-Bachelor,5,43,78011
170976-27.0501-Bachelor,1,49,64371
170976-27.0501-Bachelor,3,24,84076
170976-27.0501-Bachelor,4,36,109466
170976-27.0501-Bachelor,5,28,105494
170976-27.0501-Master,1,18,85008
170976-27.0501-Master,4,22,113198
171100-27.0501-Bachelor,1,44,63649
171100-27.0501-Bachelor,4,30,93930
171100-27.0501-Bachelor,5,16,94328
174066-27.0501-Bachelor,1,40,66434
174066-27.0501-Bachelor,3,22,61211
174066-27.0501-Bachelor,4,56,80993
174066-27.0501-Bachelor,5,23,83050
174233-27.0501-Bachelor,1,31,56435
174233-27.0501-Bachelor,3,33,65743
174233-27.0501-Bachelor,4,38,71279
174233-27.0501-Bachelor,5,32,83264
178396-27.0501-Bachelor,1,21,52088
178396-27.0501-Bachelor,4,25,76037
186380-27.0501-Bachelor,1,31,63477
186380-27.0501-Bachelor,4,36,80721
186380-27.0501-Master,1,16,93967
186380-27.0501-Master,4,16,127279
190150-27.0501-Master,1,47,122051
190150-27.0501-Master,3,33,118085
190150-27.0501-Master,4,54,167848
190150-27.0501-Master,5,34,165479
190415-27.0501-Bachelor,1,17,82531
190415-27.0501-Bachelor,4,21,111090
190512-27.0501-Master,1,18,84032
190512-27.0501-Master,4,16,127189
190512-27.0501-Master,5,16,109814
193900-27.0501-Master,1,37,104788
193900-27.0501-Master,4,29,128820
195003-27.0501-Master,1,17,92020
195003-27.0501-Master,5,16,104267
198419-27.0501-Bachelor,1,20,97197
198419-27.0501-Bachelor,4,20,152782
198419-27.0501-Bachelor,5,21,121776
199193-27.0501-Bachelor,1,27,54026
199193-27.0501-Bachelor,4,42,85090
199193-27.0501-Bachelor,5,24,78288
199193-27.0501-Master,1,42,89500
199193-27.0501-Master,4,32,137104
200800-27.0501-Bachelor,1,17,47689
204024-27.0501-Bachelor,1,29,61702
204024-27.0501-Bachelor,4,23,90388
209542-27.0599-Master,1,20,104485
211440-27.0501-Bachelor,1,37,93111
211440-27.0501-Bachelor,3,27,103853
211440-27.0501-Bachelor,4,86,156743
211440-27.0501-Bachelor,5,26,155025
211440-27.0501-Master,4,17,132407
214777-27.0501-Bachelor,1,58,68254
214777-27.0501-Bachelor,3,24,67244
214777-27.0501-Bachelor,4,48,86636
214777-27.0501-Bachelor,5,22,102466
214777-27.0501-Master,1,40,100281
214777-27.0501-Master,3,57,90865
214777-27.0501-Master,4,45,129392
214777-27.0501-Master,5,53,133369
215062-27.0501-Bachelor,1,17,129732
216339-27.0501-Bachelor,1,18,60765
216597-27.0501-Master,4,18,135775
218663-27.0501-Bachelor,1,16,69543
221759-27.0501-Bachelor,4,19,83697
225432-27.0501-Master,1,28,79809
225432-27.0501-Master,4,25,117242
227216-27.0503-Master,1,23,106771
228246-27.0501-Bachelor,1,18,76759
228723-27.0501-Master,1,48,104344
228723-27.0501-Master,3,23,82019
228723-27.0501-Master,4,45,130436
228723-27.0501-Master,5,25,101704
229027-27.0501-Master,1,19,72594
230038-27.0599-Bachelor,1,84,63671
230038-27.0599-Bachelor,3,35,74902
230038-27.0599-Bachelor,4,71,96164
230038-27.0599-Bachelor,5,40,107867
230728-27.0501-Bachelor,1,28,45240
230728-27.0501-Bachelor,4,30,86262
233921-27.0501-Bachelor,1,18,62598
233921-27.0501-Bachelor,3,20,59826
233921-27.0501-Bachelor,4,26,94300
233921-27.0501-Bachelor,5,26,74128
234076-27.0501-Bachelor,1,61,73991
234076-27.0501-Bachelor,3,17,79512
234076-27.0501-Bachelor,4,40,108532
234076-27.0501-Bachelor,5,20,108373
240444-27.0501-Bachelor,1,30,64684
240444-27.0501-Bachelor,3,17,64006
240444-27.0501-Bachelor,4,30,99210
243780-27.0502-Bachelor,1,68,72579
243780-27.0502-Bachelor,3,27,70829
243780-27.0502-Bachelor,4,56,104047
243780-27.0502-Bachelor,5,29,97489
479956-27.0501-Master,1,40,100281
479956-27.0501-Master,3,57,90865
479956-27.0501-Master,4,45,129392
479956-27.0501-Master,5,53,133369
486840-27.0501-Master,1,24,102672
486840-27.0501-Master,3,30,84149
486840-27.0501-Master,4,22,100810
486840-27.0501-Master,5,26,119338
